"Submission Code","Participant Code","Participant Name",Email,Institution,Program,"Assessment Type","Total Score","Max Score","Percentage (%)","Pre-Post Delta",Interpretation,"Submitted At"
SUB-QBGY1R9UTC,MHS-2026-001,"Ahmad Fauzi",fauzi@uinjambi.ac.id,"Ruhiology Institute Utama","Program Asesmen & Coaching Ruhiologi 2026",PRETEST,45.00,75.00,60.00,-,"On track! Fondasi God Spot dan ketaatan ibadah udah lumayan konsisten. Akhlak sosial mulai kerasa green flag-nya, tinggal ngelatih ketenangan pas lagi banyak tekanan.","2026-09-24 03:13:48"
SUB-DZXGMOQ6G9,MHS-2026-001,"Ahmad Fauzi",fauzi@uinjambi.ac.id,"Ruhiology Institute Utama","Program Asesmen & Coaching Ruhiologi 2026",POSTTEST,15.00,75.00,20.00,-30.00,"Batin kamu lagi burnout parah dan kecanduan distraksi digital. Koneksi God Spot lowbat, gampang insecure, dan butuh digital-spiritual detox secepatnya.","2026-09-24 03:13:49"
SUB-PODVZRQW0C,MHS-2026-002,"Siti Nurhaliza",siti.nurhaliza@uinjambi.ac.id,"Ruhiology Institute Utama","Program Asesmen & Coaching Ruhiologi 2026",PRETEST,30.00,75.00,40.00,-,"Mulai sadar kalau hidup butuh arah yang bener. Sadar diri dan niat ibadah mulai tumbuh, tapi rem batin masih sering jebol kalau kena godaan atau stres harian.","2026-09-24 03:13:49"
SUB-YM1DXOGEFH,MHS-2026-003,"Budi Santoso",budi.santoso@uinjambi.ac.id,"Ruhiology Institute Utama","Program Asesmen & Coaching Ruhiologi 2026",PRETEST,60.00,75.00,80.00,-,"Udah zen banget. Self-awareness tinggi, anti-prokrastinasi, dan ibadah berasa jadi mental detox yang bikin adem. God Light mulai aktif ngebimbing pilihan hidup.","2026-09-24 03:13:49"
SUB-HVBJ9FDWGZ,PAR-T1CH05EB,sdgfsg,participant.w1rroe@ruhiologyinstitute.com,N/A,N/A,PRETEST,75.00,75.00,100.00,-,"Level puncak RQ! Integritas moral mutlak di ruang privat maupun publik, pasrah total ke Tuhan, dan vibes-nya bener-bener bawa keberkahan buat orang sekitar.","2026-09-24 03:15:30"
SUB-OXE4PIRP83,PAR-X3CINAU7,Nazari,participant.kkej05@ruhiologyinstitute.com,N/A,N/A,PRETEST,39.00,75.00,52.00,-,"Mulai sadar kalau hidup butuh arah yang bener. Sadar diri dan niat ibadah mulai tumbuh, tapi rem batin masih sering jebol kalau kena godaan atau stres harian.","2026-09-24 03:18:38"
SUB-L1HOG0KWPR,PAR-ZVLLMEQI,"azra shapia",participant.xrfvxv@ruhiologyinstitute.com,N/A,N/A,PRETEST,45.00,75.00,60.00,-,"On track! Fondasi God Spot dan ketaatan ibadah udah lumayan konsisten. Akhlak sosial mulai kerasa green flag-nya, tinggal ngelatih ketenangan pas lagi banyak tekanan.","2026-09-24 05:05:10"
SUB-7LRP75FWBF,PAR-PJUEAE7N,"Rizky Ainur Ridho",participant.2mthsg@ruhiologyinstitute.com,N/A,N/A,PRETEST,55.00,75.00,73.33,-,"Udah zen banget. Self-awareness tinggi, anti-prokrastinasi, dan ibadah berasa jadi mental detox yang bikin adem. God Light mulai aktif ngebimbing pilihan hidup.","2026-09-24 05:06:07"
SUB-OQZG34RFYH,PAR-4FCC6TYY,"raudatun jannah",participant.huvm62@ruhiologyinstitute.com,N/A,N/A,PRETEST,51.00,75.00,68.00,-,"On track! Fondasi God Spot dan ketaatan ibadah udah lumayan konsisten. Akhlak sosial mulai kerasa green flag-nya, tinggal ngelatih ketenangan pas lagi banyak tekanan.","2026-09-24 05:06:12"
SUB-QTIHSJIPLU,PAR-YTBCCJZT,"melivia nafsi",participant.qtdhyg@ruhiologyinstitute.com,N/A,N/A,PRETEST,37.00,75.00,49.33,-,"Mulai sadar kalau hidup butuh arah yang bener. Sadar diri dan niat ibadah mulai tumbuh, tapi rem batin masih sering jebol kalau kena godaan atau stres harian.","2026-09-24 05:06:15"
SUB-GL3XWCOYJF,PAR-GRX7PPBX,"irdhi safarina",participant.ik5u5m@ruhiologyinstitute.com,N/A,N/A,PRETEST,45.00,75.00,60.00,-,"On track! Fondasi God Spot dan ketaatan ibadah udah lumayan konsisten. Akhlak sosial mulai kerasa green flag-nya, tinggal ngelatih ketenangan pas lagi banyak tekanan.","2026-09-24 05:06:33"
SUB-MWF2HRK8J3,PAR-WJRXSMCE,"Humayra Adelia",participant.yxk7f0@ruhiologyinstitute.com,N/A,N/A,PRETEST,51.00,75.00,68.00,-,"On track! Fondasi God Spot dan ketaatan ibadah udah lumayan konsisten. Akhlak sosial mulai kerasa green flag-nya, tinggal ngelatih ketenangan pas lagi banyak tekanan.","2026-09-24 05:06:50"
SUB-YLR2RFN963,PAR-HOPIWCNG,"Abell qiss cendra",participant.xlzrvq@ruhiologyinstitute.com,N/A,N/A,PRETEST,54.00,75.00,72.00,-,"Udah zen banget. Self-awareness tinggi, anti-prokrastinasi, dan ibadah berasa jadi mental detox yang bikin adem. God Light mulai aktif ngebimbing pilihan hidup.","2026-09-24 05:06:52"
SUB-J4R5YIBCMF,PAR-0PGWWGGL,"Diana nailatul izzah",participant.puxo7u@ruhiologyinstitute.com,N/A,N/A,PRETEST,47.00,75.00,62.67,-,"On track! Fondasi God Spot dan ketaatan ibadah udah lumayan konsisten. Akhlak sosial mulai kerasa green flag-nya, tinggal ngelatih ketenangan pas lagi banyak tekanan.","2026-09-24 05:07:04"
SUB-LSF6ASSJVR,PAR-XT41VYMN,"Zafirah Nazneen Andrini",participant.il0sdn@ruhiologyinstitute.com,N/A,N/A,PRETEST,64.00,75.00,85.33,-,"Udah zen banget. Self-awareness tinggi, anti-prokrastinasi, dan ibadah berasa jadi mental detox yang bikin adem. God Light mulai aktif ngebimbing pilihan hidup.","2026-09-24 05:07:13"
SUB-UOVZTHEXF3,PAR-VEWZ6VXA,"ratu pambayun",participant.fbufnd@ruhiologyinstitute.com,N/A,N/A,PRETEST,67.00,75.00,89.33,-,"Level puncak RQ! Integritas moral mutlak di ruang privat maupun publik, pasrah total ke Tuhan, dan vibes-nya bener-bener bawa keberkahan buat orang sekitar.","2026-09-24 05:07:57"
SUB-U5SNKUQ2GD,PAR-ANZWBYRX,"Parnia astuti",participant.hdqel0@ruhiologyinstitute.com,N/A,N/A,PRETEST,43.00,75.00,57.33,-,"On track! Fondasi God Spot dan ketaatan ibadah udah lumayan konsisten. Akhlak sosial mulai kerasa green flag-nya, tinggal ngelatih ketenangan pas lagi banyak tekanan.","2026-09-24 05:07:58"
SUB-2JGKW8SMST,PAR-OXLQ0QV5,"Ummi marhamah",participant.qwg8eu@ruhiologyinstitute.com,N/A,N/A,PRETEST,51.00,75.00,68.00,-,"On track! Fondasi God Spot dan ketaatan ibadah udah lumayan konsisten. Akhlak sosial mulai kerasa green flag-nya, tinggal ngelatih ketenangan pas lagi banyak tekanan.","2026-09-24 05:08:17"
SUB-GTPJF2WRYK,PAR-FSV3HN8M,"Tri Suci Ramadhani",participant.qvgvpj@ruhiologyinstitute.com,N/A,N/A,PRETEST,74.00,75.00,98.67,-,"Level puncak RQ! Integritas moral mutlak di ruang privat maupun publik, pasrah total ke Tuhan, dan vibes-nya bener-bener bawa keberkahan buat orang sekitar.","2026-09-24 05:08:17"
SUB-OETSP7FDAO,PAR-EVJZRAA5,"aurelia putri ramadhani",participant.ix8f3b@ruhiologyinstitute.com,N/A,N/A,PRETEST,57.00,75.00,76.00,-,"Udah zen banget. Self-awareness tinggi, anti-prokrastinasi, dan ibadah berasa jadi mental detox yang bikin adem. God Light mulai aktif ngebimbing pilihan hidup.","2026-09-24 05:08:21"
SUB-QG3WC38JQX,PAR-ZG8B41R6,"Ulya Fairuzzahra",participant.m0r4uu@ruhiologyinstitute.com,N/A,N/A,PRETEST,51.00,75.00,68.00,-,"On track! Fondasi God Spot dan ketaatan ibadah udah lumayan konsisten. Akhlak sosial mulai kerasa green flag-nya, tinggal ngelatih ketenangan pas lagi banyak tekanan.","2026-09-24 05:08:22"
SUB-DI1TAUK0AU,PAR-IVR72CZM,"M.Adi Rizki Saputra",participant.rmoe9d@ruhiologyinstitute.com,N/A,N/A,PRETEST,54.00,75.00,72.00,-,"Udah zen banget. Self-awareness tinggi, anti-prokrastinasi, dan ibadah berasa jadi mental detox yang bikin adem. God Light mulai aktif ngebimbing pilihan hidup.","2026-09-24 05:08:35"
SUB-K3CB8FZMWT,PAR-RDLKGR0F,"Irdhi safarini",participant.npjebb@ruhiologyinstitute.com,N/A,N/A,PRETEST,55.00,75.00,73.33,-,"Udah zen banget. Self-awareness tinggi, anti-prokrastinasi, dan ibadah berasa jadi mental detox yang bikin adem. God Light mulai aktif ngebimbing pilihan hidup.","2026-09-24 05:08:43"
SUB-FX81ZPABEU,PAR-BXL6UQR2,"Novelya rurekta",participant.ygajxh@ruhiologyinstitute.com,N/A,N/A,PRETEST,47.00,75.00,62.67,-,"On track! Fondasi God Spot dan ketaatan ibadah udah lumayan konsisten. Akhlak sosial mulai kerasa green flag-nya, tinggal ngelatih ketenangan pas lagi banyak tekanan.","2026-09-24 05:09:05"
SUB-A92QTB9BS1,PAR-QAZIJUM3,"Nabila sinta",participant.wdsybs@ruhiologyinstitute.com,N/A,N/A,PRETEST,55.00,75.00,73.33,-,"Udah zen banget. Self-awareness tinggi, anti-prokrastinasi, dan ibadah berasa jadi mental detox yang bikin adem. God Light mulai aktif ngebimbing pilihan hidup.","2026-09-24 05:09:05"
SUB-H6WVAYVYUV,PAR-JEUALMVZ,firzanauzyaa,participant.wxfpfq@ruhiologyinstitute.com,N/A,N/A,PRETEST,38.00,75.00,50.67,-,"Mulai sadar kalau hidup butuh arah yang bener. Sadar diri dan niat ibadah mulai tumbuh, tapi rem batin masih sering jebol kalau kena godaan atau stres harian.","2026-09-24 05:09:05"
SUB-PAQIEPD1RH,PAR-36BOJFJ6,"salsabila talita fitri",participant.lwrulq@ruhiologyinstitute.com,N/A,N/A,PRETEST,39.00,75.00,52.00,-,"Mulai sadar kalau hidup butuh arah yang bener. Sadar diri dan niat ibadah mulai tumbuh, tapi rem batin masih sering jebol kalau kena godaan atau stres harian.","2026-09-24 05:09:06"
SUB-UBQZMTDMKL,PAR-P5AJ3Y6L,"Atika Puspa Cahya Ningrum Sipahutar",participant.xoje1j@ruhiologyinstitute.com,N/A,N/A,PRETEST,54.00,75.00,72.00,-,"Udah zen banget. Self-awareness tinggi, anti-prokrastinasi, dan ibadah berasa jadi mental detox yang bikin adem. God Light mulai aktif ngebimbing pilihan hidup.","2026-09-24 05:09:09"
SUB-6ONJ8H8J14,PAR-8MPYORCV,"Alysia Al Kalifi",participant.qoimhf@ruhiologyinstitute.com,N/A,N/A,PRETEST,46.00,75.00,61.33,-,"On track! Fondasi God Spot dan ketaatan ibadah udah lumayan konsisten. Akhlak sosial mulai kerasa green flag-nya, tinggal ngelatih ketenangan pas lagi banyak tekanan.","2026-09-24 05:09:22"
SUB-FW5QRKZZNE,PAR-XOUJ453H,"Richa Aj",participant.walfyd@ruhiologyinstitute.com,N/A,N/A,PRETEST,55.00,75.00,73.33,-,"Udah zen banget. Self-awareness tinggi, anti-prokrastinasi, dan ibadah berasa jadi mental detox yang bikin adem. God Light mulai aktif ngebimbing pilihan hidup.","2026-09-24 05:09:29"
SUB-TFA0LUZCKI,PAR-ZLINSBNA,"Yona asyifa",participant.xteubq@ruhiologyinstitute.com,N/A,N/A,PRETEST,58.00,75.00,77.33,-,"Udah zen banget. Self-awareness tinggi, anti-prokrastinasi, dan ibadah berasa jadi mental detox yang bikin adem. God Light mulai aktif ngebimbing pilihan hidup.","2026-09-24 05:09:36"
SUB-9CO6PUM1AL,PAR-5QQ8LUHN,"Hayatu syifa azzahra",participant.txjjjr@ruhiologyinstitute.com,N/A,N/A,PRETEST,42.00,75.00,56.00,-,"On track! Fondasi God Spot dan ketaatan ibadah udah lumayan konsisten. Akhlak sosial mulai kerasa green flag-nya, tinggal ngelatih ketenangan pas lagi banyak tekanan.","2026-09-24 05:09:45"
SUB-K5AWO6ARRS,PAR-V6DRYJLI,"Alda dwi fransiska",participant.uy03wa@ruhiologyinstitute.com,N/A,N/A,PRETEST,64.00,75.00,85.33,-,"Udah zen banget. Self-awareness tinggi, anti-prokrastinasi, dan ibadah berasa jadi mental detox yang bikin adem. God Light mulai aktif ngebimbing pilihan hidup.","2026-09-24 05:09:54"
SUB-IVM2MFCGPM,PAR-7FKB1V1Y,"Haykal Nabiel",participant.qgsd98@ruhiologyinstitute.com,N/A,N/A,PRETEST,65.00,75.00,86.67,-,"Level puncak RQ! Integritas moral mutlak di ruang privat maupun publik, pasrah total ke Tuhan, dan vibes-nya bener-bener bawa keberkahan buat orang sekitar.","2026-09-24 05:09:58"
SUB-UMIWEJRKVX,PAR-NZ41DJYG,"halwa cynthia zuhro",participant.gfp1vy@ruhiologyinstitute.com,N/A,N/A,PRETEST,58.00,75.00,77.33,-,"Udah zen banget. Self-awareness tinggi, anti-prokrastinasi, dan ibadah berasa jadi mental detox yang bikin adem. God Light mulai aktif ngebimbing pilihan hidup.","2026-09-24 05:10:03"
SUB-AMZ2B5NA0G,PAR-QLGOZPKF,"zarani fauziah",participant.cezi12@ruhiologyinstitute.com,N/A,N/A,PRETEST,69.00,75.00,92.00,-,"Level puncak RQ! Integritas moral mutlak di ruang privat maupun publik, pasrah total ke Tuhan, dan vibes-nya bener-bener bawa keberkahan buat orang sekitar.","2026-09-24 05:10:05"
SUB-INDOZPALMV,PAR-AO6QTUF1,"Najwa Rahmadani",participant.ffccjc@ruhiologyinstitute.com,N/A,N/A,PRETEST,41.00,75.00,54.67,-,"On track! Fondasi God Spot dan ketaatan ibadah udah lumayan konsisten. Akhlak sosial mulai kerasa green flag-nya, tinggal ngelatih ketenangan pas lagi banyak tekanan.","2026-09-24 05:10:22"
SUB-QWMKQ5EORN,PAR-IPEVCJJL,"hafifah afra",participant.sefiuh@ruhiologyinstitute.com,N/A,N/A,PRETEST,43.00,75.00,57.33,-,"On track! Fondasi God Spot dan ketaatan ibadah udah lumayan konsisten. Akhlak sosial mulai kerasa green flag-nya, tinggal ngelatih ketenangan pas lagi banyak tekanan.","2026-09-24 05:10:25"
SUB-SD1DBEKLF7,PAR-6C9G3GKU,"aura syifa",participant.e8gsfw@ruhiologyinstitute.com,N/A,N/A,PRETEST,50.00,75.00,66.67,-,"On track! Fondasi God Spot dan ketaatan ibadah udah lumayan konsisten. Akhlak sosial mulai kerasa green flag-nya, tinggal ngelatih ketenangan pas lagi banyak tekanan.","2026-09-24 05:10:32"
SUB-ZHPDJURPWB,PAR-ERHAKJIP,"Maulana Raditya fajar",participant.d0rd0t@ruhiologyinstitute.com,N/A,N/A,PRETEST,0.00,75.00,0.00,-,"Batin kamu lagi burnout parah dan kecanduan distraksi digital. Koneksi God Spot lowbat, gampang insecure, dan butuh digital-spiritual detox secepatnya.","2026-09-24 05:10:44"
SUB-AFEUEZFP64,PAR-TEX3NPZH,"sindi andrini",participant.gxslir@ruhiologyinstitute.com,N/A,N/A,PRETEST,43.00,75.00,57.33,-,"On track! Fondasi God Spot dan ketaatan ibadah udah lumayan konsisten. Akhlak sosial mulai kerasa green flag-nya, tinggal ngelatih ketenangan pas lagi banyak tekanan.","2026-09-24 05:10:52"
SUB-PSMWB298KS,PAR-LJNOZX1B,"Sakina Karlan",participant.i3u9oi@ruhiologyinstitute.com,N/A,N/A,PRETEST,68.00,75.00,90.67,-,"Level puncak RQ! Integritas moral mutlak di ruang privat maupun publik, pasrah total ke Tuhan, dan vibes-nya bener-bener bawa keberkahan buat orang sekitar.","2026-09-24 05:10:58"
SUB-XTTGMZWEXW,PAR-HOW6T0QE,"azkia althafi atsira",participant.wxbpy3@ruhiologyinstitute.com,N/A,N/A,PRETEST,53.00,75.00,70.67,-,"On track! Fondasi God Spot dan ketaatan ibadah udah lumayan konsisten. Akhlak sosial mulai kerasa green flag-nya, tinggal ngelatih ketenangan pas lagi banyak tekanan.","2026-09-24 05:11:01"
SUB-VX3QGPRLRJ,PAR-LI5QJSYE,"Syamil Ridho",participant.yusx9t@ruhiologyinstitute.com,N/A,N/A,PRETEST,57.00,75.00,76.00,-,"Udah zen banget. Self-awareness tinggi, anti-prokrastinasi, dan ibadah berasa jadi mental detox yang bikin adem. God Light mulai aktif ngebimbing pilihan hidup.","2026-09-24 05:11:01"
SUB-GAL1AV3KQD,PAR-KGC0GARO,"keyza exsi",participant.gthyii@ruhiologyinstitute.com,N/A,N/A,PRETEST,43.00,75.00,57.33,-,"On track! Fondasi God Spot dan ketaatan ibadah udah lumayan konsisten. Akhlak sosial mulai kerasa green flag-nya, tinggal ngelatih ketenangan pas lagi banyak tekanan.","2026-09-24 05:11:07"
SUB-MFZIDKBRRE,PAR-JCKF52VG,"FALIL RELIN ERLANDA",participant.nqmw0a@ruhiologyinstitute.com,N/A,N/A,PRETEST,48.00,75.00,64.00,-,"On track! Fondasi God Spot dan ketaatan ibadah udah lumayan konsisten. Akhlak sosial mulai kerasa green flag-nya, tinggal ngelatih ketenangan pas lagi banyak tekanan.","2026-09-24 05:11:17"
SUB-JC7YSZ70DO,PAR-7WPIDSV5,"FATURRAHMAN RAMADHAN",participant.bctvcl@ruhiologyinstitute.com,N/A,N/A,PRETEST,53.00,75.00,70.67,-,"On track! Fondasi God Spot dan ketaatan ibadah udah lumayan konsisten. Akhlak sosial mulai kerasa green flag-nya, tinggal ngelatih ketenangan pas lagi banyak tekanan.","2026-09-24 05:11:18"
SUB-LFJJUGCIRS,PAR-DPBL36GL,"Gyo attoriq khan",participant.kttrkc@ruhiologyinstitute.com,N/A,N/A,PRETEST,52.00,75.00,69.33,-,"On track! Fondasi God Spot dan ketaatan ibadah udah lumayan konsisten. Akhlak sosial mulai kerasa green flag-nya, tinggal ngelatih ketenangan pas lagi banyak tekanan.","2026-09-24 05:11:20"
SUB-PK6A5MYA3A,PAR-DBC7BPFU,"Amelia Febri Humaira",participant.wfcxhb@ruhiologyinstitute.com,N/A,N/A,PRETEST,38.00,75.00,50.67,-,"Mulai sadar kalau hidup butuh arah yang bener. Sadar diri dan niat ibadah mulai tumbuh, tapi rem batin masih sering jebol kalau kena godaan atau stres harian.","2026-09-24 05:11:22"
SUB-5CSPIXHAIK,PAR-55ZTGNMW,"Rajendra Nathan",participant.icbksi@ruhiologyinstitute.com,N/A,N/A,PRETEST,60.00,75.00,80.00,-,"Udah zen banget. Self-awareness tinggi, anti-prokrastinasi, dan ibadah berasa jadi mental detox yang bikin adem. God Light mulai aktif ngebimbing pilihan hidup.","2026-09-24 05:11:37"
SUB-YVDLOJWPZR,PAR-BWQ1JECC,"Alisa Febriani putri",participant.dhhf67@ruhiologyinstitute.com,N/A,N/A,PRETEST,36.00,75.00,48.00,-,"Mulai sadar kalau hidup butuh arah yang bener. Sadar diri dan niat ibadah mulai tumbuh, tapi rem batin masih sering jebol kalau kena godaan atau stres harian.","2026-09-24 05:11:37"
SUB-T3LNPLGVWU,PAR-OTBZCQFW,"anggi oktoviani",participant.vqkm9n@ruhiologyinstitute.com,N/A,N/A,PRETEST,57.00,75.00,76.00,-,"Udah zen banget. Self-awareness tinggi, anti-prokrastinasi, dan ibadah berasa jadi mental detox yang bikin adem. God Light mulai aktif ngebimbing pilihan hidup.","2026-09-24 05:11:45"
SUB-CLZ8IQJM2G,PAR-ITJEZNDO,"Riki ridiansyah",participant.cvtyla@ruhiologyinstitute.com,N/A,N/A,PRETEST,43.00,75.00,57.33,-,"On track! Fondasi God Spot dan ketaatan ibadah udah lumayan konsisten. Akhlak sosial mulai kerasa green flag-nya, tinggal ngelatih ketenangan pas lagi banyak tekanan.","2026-09-24 05:11:48"
SUB-SVSCO9CZBA,PAR-MK7A1NH3,"Keyza mustika",participant.9xkawd@ruhiologyinstitute.com,N/A,N/A,PRETEST,40.00,75.00,53.33,-,"Mulai sadar kalau hidup butuh arah yang bener. Sadar diri dan niat ibadah mulai tumbuh, tapi rem batin masih sering jebol kalau kena godaan atau stres harian.","2026-09-24 05:12:08"
SUB-LECCNTUOR1,PAR-U6BEFFI4,"kaspia riska",participant.kjmdrc@ruhiologyinstitute.com,N/A,N/A,PRETEST,52.00,75.00,69.33,-,"On track! Fondasi God Spot dan ketaatan ibadah udah lumayan konsisten. Akhlak sosial mulai kerasa green flag-nya, tinggal ngelatih ketenangan pas lagi banyak tekanan.","2026-09-24 05:12:21"
SUB-NEDC7S2YXK,PAR-W7HDAURR,"Aulia adriyani",participant.fz4irf@ruhiologyinstitute.com,N/A,N/A,PRETEST,68.00,75.00,90.67,-,"Level puncak RQ! Integritas moral mutlak di ruang privat maupun publik, pasrah total ke Tuhan, dan vibes-nya bener-bener bawa keberkahan buat orang sekitar.","2026-09-24 05:12:24"
SUB-B2DYDYWCLP,PAR-U8LMIAVL,"anisa alfiana",participant.2d9lib@ruhiologyinstitute.com,N/A,N/A,PRETEST,50.00,75.00,66.67,-,"On track! Fondasi God Spot dan ketaatan ibadah udah lumayan konsisten. Akhlak sosial mulai kerasa green flag-nya, tinggal ngelatih ketenangan pas lagi banyak tekanan.","2026-09-24 05:12:25"
SUB-7V99VJLRCV,PAR-P4CBBUU3,"Indah nisentia",participant.kjgb1m@ruhiologyinstitute.com,N/A,N/A,PRETEST,45.00,75.00,60.00,-,"On track! Fondasi God Spot dan ketaatan ibadah udah lumayan konsisten. Akhlak sosial mulai kerasa green flag-nya, tinggal ngelatih ketenangan pas lagi banyak tekanan.","2026-09-24 05:12:52"
SUB-DYSVKI83KX,PAR-HHSUXQEH,"Raffa Syavan Adriansyah",participant.6k9ynj@ruhiologyinstitute.com,N/A,N/A,PRETEST,61.00,75.00,81.33,-,"Udah zen banget. Self-awareness tinggi, anti-prokrastinasi, dan ibadah berasa jadi mental detox yang bikin adem. God Light mulai aktif ngebimbing pilihan hidup.","2026-09-24 05:13:29"
SUB-WOLFWNM8P2,PAR-HJDLRRSE,"Nadjwa Tari",participant.rtqjnb@ruhiologyinstitute.com,N/A,N/A,PRETEST,52.00,75.00,69.33,-,"On track! Fondasi God Spot dan ketaatan ibadah udah lumayan konsisten. Akhlak sosial mulai kerasa green flag-nya, tinggal ngelatih ketenangan pas lagi banyak tekanan.","2026-09-24 05:13:29"
SUB-FNEGROEEUQ,PAR-TP1BVPHV,"Keylla nadira",participant.jabyev@ruhiologyinstitute.com,N/A,N/A,PRETEST,59.00,75.00,78.67,-,"Udah zen banget. Self-awareness tinggi, anti-prokrastinasi, dan ibadah berasa jadi mental detox yang bikin adem. God Light mulai aktif ngebimbing pilihan hidup.","2026-09-24 05:13:36"
SUB-BAUOFNORZN,PAR-HLJVBK75,"silmi faricha",participant.b6mpot@ruhiologyinstitute.com,N/A,N/A,PRETEST,38.00,65.00,58.46,-,"Mulai sadar kalau hidup butuh arah yang bener. Sadar diri dan niat ibadah mulai tumbuh, tapi rem batin masih sering jebol kalau kena godaan atau stres harian.","2026-09-24 05:15:25"
SUB-6LNT4VAVPS,PAR-AVHHTEAU,"M. Rasyid ridho",participant.qr2ivi@ruhiologyinstitute.com,N/A,N/A,PRETEST,65.00,75.00,86.67,-,"Level puncak RQ! Integritas moral mutlak di ruang privat maupun publik, pasrah total ke Tuhan, dan vibes-nya bener-bener bawa keberkahan buat orang sekitar.","2026-09-24 06:42:05"
SUB-4QQ6FLJOCT,PAR-GEZTYEM7,"M. Arif Firmansyah",participant.vcihik@ruhiologyinstitute.com,N/A,N/A,PRETEST,52.00,75.00,69.33,-,"On track! Fondasi God Spot dan ketaatan ibadah udah lumayan konsisten. Akhlak sosial mulai kerasa green flag-nya, tinggal ngelatih ketenangan pas lagi banyak tekanan.","2026-09-24 06:45:47"
SUB-HHFAGSOQWO,PAR-LHIGFJDX,Burhanudin,participant.r1vzja@ruhiologyinstitute.com,N/A,N/A,PRETEST,35.00,75.00,46.67,-,"Mulai sadar kalau hidup butuh arah yang bener. Sadar diri dan niat ibadah mulai tumbuh, tapi rem batin masih sering jebol kalau kena godaan atau stres harian.","2026-09-24 06:51:15"
SUB-OOZJEFWDQE,PAR-KGOJB3AA,"Andre Ansyah Valentino",participant.dmrbtn@ruhiologyinstitute.com,N/A,N/A,PRETEST,54.00,75.00,72.00,-,"Udah zen banget. Self-awareness tinggi, anti-prokrastinasi, dan ibadah berasa jadi mental detox yang bikin adem. God Light mulai aktif ngebimbing pilihan hidup.","2026-09-24 06:51:18"
SUB-TWQJZRNE9X,PAR-VIWMPKIE,"FADILLA BUNGA LESTARI",participant.skjfll@ruhiologyinstitute.com,N/A,N/A,PRETEST,57.00,75.00,76.00,-,"Udah zen banget. Self-awareness tinggi, anti-prokrastinasi, dan ibadah berasa jadi mental detox yang bikin adem. God Light mulai aktif ngebimbing pilihan hidup.","2026-09-24 06:51:55"
SUB-TNKPOF6NH8,PAR-PDFSS7LI,"BELLA SELIANI",participant.fmqf2o@ruhiologyinstitute.com,N/A,N/A,PRETEST,63.00,75.00,84.00,-,"Udah zen banget. Self-awareness tinggi, anti-prokrastinasi, dan ibadah berasa jadi mental detox yang bikin adem. God Light mulai aktif ngebimbing pilihan hidup.","2026-09-24 06:53:04"
SUB-ZGHNRA4IW5,PAR-SAXZAI6Q,"Sindy Amelia Sari",participant.i3fqdh@ruhiologyinstitute.com,N/A,N/A,PRETEST,61.00,75.00,81.33,-,"Udah zen banget. Self-awareness tinggi, anti-prokrastinasi, dan ibadah berasa jadi mental detox yang bikin adem. God Light mulai aktif ngebimbing pilihan hidup.","2026-09-24 06:54:11"
SUB-1UZTP4G3BV,PAR-JGK3S0XK,"NABILLA TRY SADIYAH",participant.jsyz8u@ruhiologyinstitute.com,N/A,N/A,PRETEST,61.00,75.00,81.33,-,"Udah zen banget. Self-awareness tinggi, anti-prokrastinasi, dan ibadah berasa jadi mental detox yang bikin adem. God Light mulai aktif ngebimbing pilihan hidup.","2026-09-24 06:54:18"
SUB-RRFORT4CBK,PAR-KRI8UVXU,"Saskia Wulan Dari",participant.mda3i4@ruhiologyinstitute.com,N/A,N/A,PRETEST,56.00,75.00,74.67,-,"Udah zen banget. Self-awareness tinggi, anti-prokrastinasi, dan ibadah berasa jadi mental detox yang bikin adem. God Light mulai aktif ngebimbing pilihan hidup.","2026-09-24 06:56:11"
SUB-9ZX5W66BTH,PAR-854Z9L3B,"muhammad hafizh",participant.ftlagn@ruhiologyinstitute.com,N/A,N/A,PRETEST,49.00,75.00,65.33,-,"On track! Fondasi God Spot dan ketaatan ibadah udah lumayan konsisten. Akhlak sosial mulai kerasa green flag-nya, tinggal ngelatih ketenangan pas lagi banyak tekanan.","2026-09-24 06:58:40"
SUB-MDMWQ2EAMU,PAR-CHI3CWVX,"Windy Astuti",participant.9ydb7i@ruhiologyinstitute.com,N/A,N/A,PRETEST,63.00,75.00,84.00,-,"Udah zen banget. Self-awareness tinggi, anti-prokrastinasi, dan ibadah berasa jadi mental detox yang bikin adem. God Light mulai aktif ngebimbing pilihan hidup.","2026-09-24 07:00:39"
SUB-J1LS3HHAKQ,PAR-OSSX77GX,"Reva Ramadhani",participant.pepooj@ruhiologyinstitute.com,N/A,N/A,PRETEST,68.00,75.00,90.67,-,"Level puncak RQ! Integritas moral mutlak di ruang privat maupun publik, pasrah total ke Tuhan, dan vibes-nya bener-bener bawa keberkahan buat orang sekitar.","2026-09-24 07:00:46"
SUB-5WHPE5U8WQ,PAR-MBK3UHXF,"Bella Okatvia Indriani",participant.d5lflf@ruhiologyinstitute.com,N/A,N/A,PRETEST,58.00,75.00,77.33,-,"Udah zen banget. Self-awareness tinggi, anti-prokrastinasi, dan ibadah berasa jadi mental detox yang bikin adem. God Light mulai aktif ngebimbing pilihan hidup.","2026-09-24 07:09:38"
SUB-ZOW0QMJUMD,PAR-8U0QMZWY,"Siti Mukarromah",participant.jxuccg@ruhiologyinstitute.com,N/A,N/A,PRETEST,56.00,75.00,74.67,-,"Udah zen banget. Self-awareness tinggi, anti-prokrastinasi, dan ibadah berasa jadi mental detox yang bikin adem. God Light mulai aktif ngebimbing pilihan hidup.","2026-09-24 07:11:48"
SUB-RZW0M096IK,PAR-GGUVM1DE,"ega oktria",participant.j0w9jw@ruhiologyinstitute.com,N/A,N/A,PRETEST,63.00,75.00,84.00,-,"Udah zen banget. Self-awareness tinggi, anti-prokrastinasi, dan ibadah berasa jadi mental detox yang bikin adem. God Light mulai aktif ngebimbing pilihan hidup.","2026-09-24 07:24:54"
SUB-SEZ0FRXCOU,PAR-7CYG7TJA,"Husnul khotimah",participant.lrkz0n@ruhiologyinstitute.com,N/A,N/A,PRETEST,65.00,75.00,86.67,-,"Level puncak RQ! Integritas moral mutlak di ruang privat maupun publik, pasrah total ke Tuhan, dan vibes-nya bener-bener bawa keberkahan buat orang sekitar.","2026-09-24 07:27:56"
SUB-V0GIDNPU1Z,PAR-BCYRGDYV,"SADIRA AZWA",participant.ayhxai@ruhiologyinstitute.com,N/A,N/A,PRETEST,57.00,75.00,76.00,-,"Udah zen banget. Self-awareness tinggi, anti-prokrastinasi, dan ibadah berasa jadi mental detox yang bikin adem. God Light mulai aktif ngebimbing pilihan hidup.","2026-09-24 07:45:33"
SUB-BHCCW5UYBY,PAR-OV2HXB21,"M ALIF PRATAMA",participant.ov6hy0@ruhiologyinstitute.com,N/A,N/A,PRETEST,36.00,75.00,48.00,-,"Mulai sadar kalau hidup butuh arah yang bener. Sadar diri dan niat ibadah mulai tumbuh, tapi rem batin masih sering jebol kalau kena godaan atau stres harian.","2026-09-24 08:00:37"
SUB-QBJH6C9UPJ,PAR-LLGJKBE4,"Ayu pramesti",participant.bosfgq@ruhiologyinstitute.com,N/A,N/A,PRETEST,66.00,75.00,88.00,-,"Level puncak RQ! Integritas moral mutlak di ruang privat maupun publik, pasrah total ke Tuhan, dan vibes-nya bener-bener bawa keberkahan buat orang sekitar.","2026-09-24 08:09:55"
SUB-9DOWGCFD7Y,PAR-4SBMH8KN,"Rema Gustiani",participant.hio1gc@ruhiologyinstitute.com,N/A,N/A,PRETEST,60.00,75.00,80.00,-,"Udah zen banget. Self-awareness tinggi, anti-prokrastinasi, dan ibadah berasa jadi mental detox yang bikin adem. God Light mulai aktif ngebimbing pilihan hidup.","2026-09-24 08:11:20"
SUB-TTKI1OVGP0,PAR-BSIW6BDG,"MUHAMMAD AMIRUL SYAHRI",participant.amxay5@ruhiologyinstitute.com,N/A,N/A,PRETEST,70.00,75.00,93.33,-,"Level puncak RQ! Integritas moral mutlak di ruang privat maupun publik, pasrah total ke Tuhan, dan vibes-nya bener-bener bawa keberkahan buat orang sekitar.","2026-09-24 08:24:05"
SUB-KFZEOPSMCF,PAR-GQBEYHJG,"NABIL MAKARIM",participant.fnfnr9@ruhiologyinstitute.com,N/A,N/A,PRETEST,47.00,75.00,62.67,-,"On track! Fondasi God Spot dan ketaatan ibadah udah lumayan konsisten. Akhlak sosial mulai kerasa green flag-nya, tinggal ngelatih ketenangan pas lagi banyak tekanan.","2026-09-24 09:42:11"
SUB-R71YRRQKFR,PAR-YQFK8CUT,Ridho,participant.dtzkkv@ruhiologyinstitute.com,N/A,N/A,PRETEST,62.00,75.00,82.67,-,"Udah zen banget. Self-awareness tinggi, anti-prokrastinasi, dan ibadah berasa jadi mental detox yang bikin adem. God Light mulai aktif ngebimbing pilihan hidup.","2026-09-24 10:24:18"
SUB-LMADWDJJ4U,PAR-L5ZP2NUL,"Riski rambe",participant.wprxid@ruhiologyinstitute.com,N/A,N/A,PRETEST,54.00,75.00,72.00,-,"Udah zen banget. Self-awareness tinggi, anti-prokrastinasi, dan ibadah berasa jadi mental detox yang bikin adem. God Light mulai aktif ngebimbing pilihan hidup.","2026-09-24 10:47:30"
